-- phpMyAdmin SQL Dump
-- version 4.5.1
-- http://www.phpmyadmin.net
--
-- Host: 127.0.0.1
-- Generation Time: Jul 19, 2017 at 12:41 PM
-- Server version: 10.1.9-MariaDB
-- PHP Version: 5.5.30

SET SQL_MODE = "NO_AUTO_VALUE_ON_ZERO";
SET time_zone = "+00:00";


/*!40101 SET @OLD_CHARACTER_SET_CLIENT=@@CHARACTER_SET_CLIENT */;
/*!40101 SET @OLD_CHARACTER_SET_RESULTS=@@CHARACTER_SET_RESULTS */;
/*!40101 SET @OLD_COLLATION_CONNECTION=@@COLLATION_CONNECTION */;
/*!40101 SET NAMES utf8mb4 */;

--
-- Database: `leader`
--

-- --------------------------------------------------------

--
-- Table structure for table `admin`
--

CREATE TABLE `admin` (
  `id` int(11) NOT NULL,
  `mail` varchar(255) NOT NULL,
  `username` varchar(200) NOT NULL,
  `password` varchar(200) NOT NULL,
  `last_login` timestamp NULL DEFAULT CURRENT_TIMESTAMP ON UPDATE CURRENT_TIMESTAMP,
  `type` set('0','1','2') NOT NULL,
  `view` enum('0','1') NOT NULL DEFAULT '1'
) ENGINE=InnoDB DEFAULT CHARSET=utf8;

--
-- Dumping data for table `admin`
--

INSERT INTO `admin` (`id`, `mail`, `username`, `password`, `last_login`, `type`, `view`) VALUES
(1, 'ashraf.mohammed92@gmail.com', 'mall', 'ZHViYWlrbw==', '2017-07-17 12:50:40', '0', '1');

-- --------------------------------------------------------

--
-- Table structure for table `category`
--

CREATE TABLE `category` (
  `id` int(11) NOT NULL,
  `id_main` int(11) NOT NULL,
  `name` varchar(255) NOT NULL,
  `name_ar` varchar(255) NOT NULL,
  `description` varchar(255) NOT NULL,
  `description_ar` varchar(255) NOT NULL,
  `img` varchar(150) NOT NULL,
  `arrange` int(11) NOT NULL,
  `view` enum('0','1') NOT NULL
) ENGINE=InnoDB DEFAULT CHARSET=utf8 COMMENT='main cateogry';

--
-- Dumping data for table `category`
--

INSERT INTO `category` (`id`, `id_main`, `name`, `name_ar`, `description`, `description_ar`, `img`, `arrange`, `view`) VALUES
(3, 1, 'Electrical devices', 'برفانات', '', 'حراج العمال هي مؤسسة تقوم علي مساعدة شباب الحرفيين علي العمل الجاد من خلال موقعها الإلكتروني بالبحث عن الحرفة المطلوبة من خلال العملاء والتسجيل يتم من خلال مسؤؤل الموقع فقط من خلال التواصل بالخط الساخن', 'kOYZ.jpg', 1, '1'),
(4, 2, ' Cloths', 'ملابس اطفال', 'حراج العمال هي مؤسسة تقوم علي مساعدة شباب الحرفيين علي العمل الجاد من خلال موقعها الإلكتروني بالبحث عن الحرفة المطلوبة من خلال العملاء والتسجيل يتم من خلال مسؤؤل الموقع فقط من خلال التواصل بالخط الساخن', 'حراج العمال هي مؤسسة تقوم علي مساعدة شباب الحرفيين علي العمل الجاد من خلال موقعها الإلكتروني بالبحث عن الحرفة المطلوبة من خلال العملاء والتسجيل يتم من خلال مسؤؤل الموقع فقط من خلال التواصل بالخط الساخن', 'ER3n.jpg', 4, '1'),
(5, 1, 'Electrical devices', 'ملابس رجالى', 'SADASDASDADAZASFwdwdwwqdsfsdfsf', 'حراج العمال هي مؤسسة تقوم علي مساعدة شباب الحرفيين علي العمل الجاد من خلال موقعها الإلكتروني بالبحث عن الحرفة المطلوبة من خلال العملاء والتسجيل يتم من خلال مسؤؤل الموقع فقط من خلال التواصل بالخط الساخن', 'FgwT.jpg', 5, '1'),
(6, 1, 'Electrical devices', 'ملابس حريمى', 'DSFKSD;FGSDFSDFASDFSSDDSSDZXMFF,MWEEWFQEWDWDWDWQWDDHER', 'حراج العمال هي مؤسسة تقوم علي مساعدة شباب الحرفيين علي العمل الجاد من خلال موقعها الإلكتروني بالبحث عن الحرفة المطلوبة من خلال العملاء والتسجيل يتم من خلال مسؤؤل الموقع فقط من خلال التواصل بالخط الساخن', 'YEuN.jpg', 6, '1'),
(7, 2, 'Electrical devices', 'ملابس حريمى', 'DSFKSD;FGSDFSDFASDFSSDDSSDZXMFF,MWEEWFQEWDWDWDWQWDDHER', 'حراج العمال هي مؤسسة تقوم علي مساعدة شباب الحرفيين علي العمل الجاد من خلال موقعها الإلكتروني بالبحث عن الحرفة المطلوبة من خلال العملاء والتسجيل يتم من خلال مسؤؤل الموقع فقط من خلال التواصل بالخط الساخن', 'YEuN.jpg', 6, '1'),
(8, 3, 'Electrical devices', 'ملابس حريمى', 'DSFKSD;FGSDFSDFASDFSSDDSSDZXMFF,MWEEWFQEWDWDWDWQWDDHER', 'حراج العمال هي مؤسسة تقوم علي مساعدة شباب الحرفيين علي العمل الجاد من خلال موقعها الإلكتروني بالبحث عن الحرفة المطلوبة من خلال العملاء والتسجيل يتم من خلال مسؤؤل الموقع فقط من خلال التواصل بالخط الساخن', 'YEuN.jpg', 6, '1'),
(9, 3, 'Electrical devices', 'ملابس حريمى', 'DSFKSD;FGSDFSDFASDFSSDDSSDZXMFF,MWEEWFQEWDWDWDWQWDDHER', 'حراج العمال هي مؤسسة تقوم علي مساعدة شباب الحرفيين علي العمل الجاد من خلال موقعها الإلكتروني بالبحث عن الحرفة المطلوبة من خلال العملاء والتسجيل يتم من خلال مسؤؤل الموقع فقط من خلال التواصل بالخط الساخن', 'YEuN.jpg', 6, '1');

-- --------------------------------------------------------

--
-- Table structure for table `ci_sessions`
--

CREATE TABLE `ci_sessions` (
  `id` varchar(40) COLLATE utf8_bin NOT NULL DEFAULT '0',
  `ip_address` varchar(16) COLLATE utf8_bin NOT NULL DEFAULT '0',
  `user_agent` varchar(150) COLLATE utf8_bin NOT NULL,
  `last_activity` int(10) UNSIGNED NOT NULL DEFAULT '0',
  `timestamp` varchar(255) COLLATE utf8_bin NOT NULL,
  `data` text COLLATE utf8_bin NOT NULL
) ENGINE=InnoDB DEFAULT CHARSET=utf8 COLLATE=utf8_bin;

--
-- Dumping data for table `ci_sessions`
--

INSERT INTO `ci_sessions` (`id`, `ip_address`, `user_agent`, `last_activity`, `timestamp`, `data`) VALUES
('033160bb362ba84e3c510e64ec8cedb6b7891b1a', '::1', '', 0, '1486650351', '__ci_last_regenerate|i:1486650070;'),
('06284464864973f5fd21256b7103e8ec31b9bf8b', '127.0.0.1', '', 0, '1486640390', '__ci_last_regenerate|i:1486640309;'),
('0aea0c8537a78f84d352f41259fde120aa7e1bdc', '127.0.0.1', '', 0, '1486560505', '__ci_last_regenerate|i:1486560246;'),
('112b4be98b0b5191056dbb57e3b3199f4d1feb02', '127.0.0.1', '', 0, '1486563543', '__ci_last_regenerate|i:1486563503;'),
('13824e35e46408210868bee592c7a615ba3b5bfe', '127.0.0.1', '', 0, '1486650699', '__ci_last_regenerate|i:1486650450;'),
('16bd4f69b51f8126379ee91788720a009f26c1f8', '127.0.0.1', '', 0, '1486627618', '__ci_last_regenerate|i:1486627618;'),
('176cd3057392539d6b6aca56034e508755e548ed', '::1', '', 0, '1494763635', '__ci_last_regenerate|i:1494763548;'),
('1ad84f7140455f2a20b65d53f59de2ecc8a0fceb', '127.0.0.1', '', 0, '1486646905', '__ci_last_regenerate|i:1486646875;'),
('1d5c4a10f3e6befcb38487bf5440697f294ce918', '::1', '', 0, '1486650045', '__ci_last_regenerate|i:1486649744;'),
('1dc2de9b1c26480131b2eedc018dcfc460e0ce0a', '127.0.0.1', '', 0, '1486561589', '__ci_last_regenerate|i:1486561506;'),
('2d371573c8688de15178208a1bfbeef0bfc41ad4', '127.0.0.1', '', 0, '1486638408', '__ci_last_regenerate|i:1486638407;'),
('30bdb41bf39bb5fc9a2cadd5f9bbd24fa70003f3', '127.0.0.1', '', 0, '1486651927', '__ci_last_regenerate|i:1486651785;'),
('341e14a675d92e1e152a0459ab3a53400fe57b6d', '::1', '', 0, '1486560007', '__ci_last_regenerate|i:1486559743;'),
('3834a1f4962442e5cbd45104f7108ffeb19cab87', '127.0.0.1', '', 0, '1486628566', '__ci_last_regenerate|i:1486628289;'),
('3aa84c635f0c2b3fc879a4c373fc75f17edf6c99', '127.0.0.1', '', 0, '1486649059', '__ci_last_regenerate|i:1486649029;'),
('4052d54c477df1058fe3b35cb77cfe7421b50e01', '127.0.0.1', '', 0, '1486651223', '__ci_last_regenerate|i:1486651110;'),
('41b34e1f61a6684b25f68c01b9f2c0838028bd93', '127.0.0.1', '', 0, '1486626835', '__ci_last_regenerate|i:1486626835;'),
('43b6eec5b6292b1ce6f60b03573619801b2d7cfa', '127.0.0.1', '', 0, '1486646126', '__ci_last_regenerate|i:1486645851;'),
('45b3baa1395c67e141e779b71f5f78c65091457c', '127.0.0.1', '', 0, '1486562741', '__ci_last_regenerate|i:1486562694;'),
('4decd5abf8fc8778aae291f8936c0f391bc1cd93', '127.0.0.1', '', 0, '1486651532', '__ci_last_regenerate|i:1486651458;'),
('5474d858ab2945aea3be4dec0d13ace1675c07dd', '::1', '', 0, '1500298644', '__ci_last_regenerate|i:1500298643;'),
('5644e8678f358934daf4f5baac4f30ca7e088f58', '127.0.0.1', '', 0, '1486647596', '__ci_last_regenerate|i:1486647596;'),
('5a7925217572f95ef3d54646d22f6cc4fc428cbe', '::1', '', 0, '1486653469', '__ci_last_regenerate|i:1486653464;'),
('5d386109fa2bdb761d5d0a2667e0da77f1696064', '127.0.0.1', '', 0, '1486649453', '__ci_last_regenerate|i:1486649452;'),
('5d874251f46b3704c1b0d654d5edca53e638470a', '127.0.0.1', '', 0, '1486641222', '__ci_last_regenerate|i:1486641222;'),
('68901e2d23fbcd898d8e5eb6405031b5fcb0d8ed', '::1', '', 0, '1486650414', '__ci_last_regenerate|i:1486650396;'),
('6b0ff73cbd73168c99ed5892d015b615e94749ff', '127.0.0.1', '', 0, '1486639336', '__ci_last_regenerate|i:1486639115;'),
('6bea4d39ac95cb2ee52f860158299c372e0625c0', '::1', '', 0, '1486652669', '__ci_last_regenerate|i:1486652411;'),
('7308f5e709185cc1d0cac81d8ae2fd31989a4fd4', '127.0.0.1', '', 0, '1486643519', '__ci_last_regenerate|i:1486643519;'),
('810f9909a7cc75051254ee2ff15e694e4b98de76', '127.0.0.1', '', 0, '1486629203', '__ci_last_regenerate|i:1486628905;'),
('882f6bd22698aa3cde7d0c8580a6cc468081049b', '127.0.0.1', '', 0, '1486562443', '__ci_last_regenerate|i:1486562359;'),
('88bc6784fcf6257de3fad3965271c8fae5ecfa6a', '::1', '', 0, '1500293508', '__ci_last_regenerate|i:1500293507;'),
('8c6810fd43bd5bbc6273601f40a5ac1021da8c58', '127.0.0.1', '', 0, '1486563275', '__ci_last_regenerate|i:1486563092;'),
('9460cd5117b11a370c6130e01c92ae367043bde9', '127.0.0.1', '', 0, '1486650160', '__ci_last_regenerate|i:1486650130;'),
('97e2e38b30ee7ae91aee80189461c142c09c178c', '::1', '', 0, '1486649695', '__ci_last_regenerate|i:1486649416;'),
('9f3532f01b9a074ba9602921c6c6bdfd15c434f1', '127.0.0.1', '', 0, '1486629296', '__ci_last_regenerate|i:1486629296;'),
('9f7a45d589fd0e0141c5cffd63e568e296f249ce', '127.0.0.1', '', 0, '1486644373', '__ci_last_regenerate|i:1486644131;'),
('ab080d82d373e1e8a84b8ff3a0847d9a91956d2a', '127.0.0.1', '', 0, '1486562339', '__ci_last_regenerate|i:1486562049;'),
('b58eb1967fd09bd38a111ee9e2dd6320f386ef48', '::1', '', 0, '1486653043', '__ci_last_regenerate|i:1486652792;'),
('b7533a4b647e683774b5b8e8f6087345f9d758b6', '::1', '', 0, '1486653408', '__ci_last_regenerate|i:1486653122;'),
('be2bf4e4b54dd821a8663e9dc4be64f95b8a1929', '::1', '', 0, '1486560049', '__ci_last_regenerate|i:1486560049;'),
('cfda6c1e248cabb467cdbbe4e68f4c3f7b07f79b', '127.0.0.1', '', 0, '1486639518', '__ci_last_regenerate|i:1486639518;'),
('d0cd09c74b8fe3a6bdb09799e010c6ac70ca90fd', '127.0.0.1', '', 0, '1486630660', '__ci_last_regenerate|i:1486630478;'),
('d3707c555ea20ec95a51d3095800ab4a2de637bf', '::1', '', 0, '1486649336', '__ci_last_regenerate|i:1486649098;'),
('e06f270dbc9d40615156708867c0a29a909dd506', '127.0.0.1', '', 0, '1486650871', '__ci_last_regenerate|i:1486650802;'),
('e182059d23f0f39824a95a8bac4d913c402b37c5', '127.0.0.1', '', 0, '1486560598', '__ci_last_regenerate|i:1486560561;'),
('e40a4c9c053fd9e10a8c58700b2f1257874dad99', '127.0.0.1', '', 0, '1486645012', '__ci_last_regenerate|i:1486644890;'),
('e5184d6d73ce9091c11836cc25f2f71c2fbe21e4', '::1', '', 0, '1486560112', '__ci_last_regenerate|i:1486560049;'),
('f74cfbdf58c52bc5388d7a9db5d86fd41586ee80', '::1', '', 0, '1486652012', '__ci_last_regenerate|i:1486651964;');

-- --------------------------------------------------------

--
-- Table structure for table `client`
--

CREATE TABLE `client` (
  `id` int(11) NOT NULL,
  `username` varchar(255) NOT NULL,
  `password` varchar(200) NOT NULL,
  `fname` varchar(200) NOT NULL,
  `lname` varchar(200) NOT NULL,
  `sname` varchar(200) NOT NULL,
  `mail` varchar(200) NOT NULL,
  `phone` varchar(100) NOT NULL,
  `address` varchar(200) NOT NULL,
  `nationalid` int(11) NOT NULL DEFAULT '0',
  `state_id` int(11) NOT NULL,
  `activation` enum('0','1') NOT NULL DEFAULT '0',
  `code_active` int(11) NOT NULL,
  `view` enum('0','1') NOT NULL DEFAULT '0',
  `last_login` timestamp NOT NULL DEFAULT CURRENT_TIMESTAMP
) ENGINE=InnoDB DEFAULT CHARSET=utf8;

--
-- Dumping data for table `client`
--

INSERT INTO `client` (`id`, `username`, `password`, `fname`, `lname`, `sname`, `mail`, `phone`, `address`, `nationalid`, `state_id`, `activation`, `code_active`, `view`, `last_login`) VALUES
(1, '', '', 'mohammed', 'ahmed', '', 'ashraf.mohammed92@gmail.com', '01223846165', 'sadsadsa', 1223846165, 0, '0', 0, '0', '2017-01-31 12:19:16');

-- --------------------------------------------------------

--
-- Table structure for table `contact_info`
--

CREATE TABLE `contact_info` (
  `id` int(11) NOT NULL,
  `address` text NOT NULL,
  `eng_address` text NOT NULL,
  `phone` varchar(255) NOT NULL,
  `fax` varchar(255) NOT NULL,
  `mail` varchar(255) NOT NULL,
  `lat` varchar(255) NOT NULL,
  `lag` varchar(255) NOT NULL,
  `view` enum('0','1') NOT NULL,
  `small_title` varchar(255) NOT NULL,
  `map_title` varchar(255) NOT NULL
) ENGINE=InnoDB DEFAULT CHARSET=utf8;

--
-- Dumping data for table `contact_info`
--

INSERT INTO `contact_info` (`id`, `address`, `eng_address`, `phone`, `fax`, `mail`, `lat`, `lag`, `view`, `small_title`, `map_title`) VALUES
(1, 'Mall', 'MallMallMall', '01223846165', '01223846165', 'ashraf@tech4lifebs.com', '25', '55', '1', 'Mall', 'Desigened And Developed Tech4Life');

-- --------------------------------------------------------

--
-- Table structure for table `delivery`
--

CREATE TABLE `delivery` (
  `id` int(11) NOT NULL,
  `details` text NOT NULL,
  `details_ar` text NOT NULL,
  `id_shop` int(11) NOT NULL,
  `name` varchar(255) NOT NULL,
  `name_ar` varchar(255) NOT NULL,
  `img` varchar(255) NOT NULL,
  `phone` varchar(120) NOT NULL,
  `nationalid` int(11) NOT NULL,
  `rate` int(11) NOT NULL,
  `address` varchar(255) NOT NULL,
  `address_ar` varchar(255) NOT NULL,
  `available` enum('0','1') NOT NULL,
  `online` enum('0','1') NOT NULL,
  `username` varchar(120) NOT NULL,
  `password` varchar(120) NOT NULL,
  `activation` enum('0','1') NOT NULL,
  `mail` varchar(200) NOT NULL,
  `view` enum('0','1') NOT NULL,
  `transportation` varchar(200) NOT NULL,
  `transportation_ar` varchar(255) NOT NULL,
  `code` varchar(120) NOT NULL,
  `lat` varchar(255) NOT NULL,
  `lag` varchar(255) NOT NULL,
  `date` timestamp NOT NULL DEFAULT CURRENT_TIMESTAMP,
  `last_login` datetime NOT NULL
) ENGINE=InnoDB DEFAULT CHARSET=utf8 COMMENT='delivery table';

--
-- Dumping data for table `delivery`
--

INSERT INTO `delivery` (`id`, `details`, `details_ar`, `id_shop`, `name`, `name_ar`, `img`, `phone`, `nationalid`, `rate`, `address`, `address_ar`, `available`, `online`, `username`, `password`, `activation`, `mail`, `view`, `transportation`, `transportation_ar`, `code`, `lat`, `lag`, `date`, `last_login`) VALUES
(1, '', '', 5, 'ashraf mohammed', 'اشرف محمد', 'sy0l.png', '1223846165', 1223846165, 3, 'Address', 'العنوان', '1', '0', 'man', '25d55ad283aa400af464c76d713c07ad', '1', 'ashraf@active4web.com', '1', 'cars', 'السيارة', 'SNZ0', '29.963977624381094', '31.4959716796875', '2017-01-18 12:46:27', '2017-02-05 08:42:08'),
(2, '', '<p>sdsadasdasdasdsad</p>\r\n', 5, 'ashraf mohammed', 'اشرف محمد', 'Q9qb.png', '1223846165', 2147483647, 10, 'Address', 'العنوان', '0', '0', 'man0', '25f9e794323b453885f5181f1b624d0b', '1', 'ashraf.mohammed92@gmail.com', '1', 'cars', 'السيارة', 'ALM8', '30.058590916737902', '31.248435974121094', '2017-01-18 13:15:02', '2017-01-26 02:48:24'),
(3, '', '', 1, 'tech4lifebs', 'تيك فور لايف', 'Gq1U.jpg', '01223846165', 2147483647, 0, 'SAdaswwdddddddddddddd', 'العنوان', '0', '0', 'mall2', '25f9e794323b453885f5181f1b624d0b', '0', 'ashraf.mdohammed92@gmail.com', '1', 'cars', 'سيارة', 'ULIK', '29.963977624381094', '31.4959716796875', '2017-01-29 09:04:04', '0000-00-00 00:00:00');

-- --------------------------------------------------------

--
-- Table structure for table `delivery_p`
--

CREATE TABLE `delivery_p` (
  `id` int(11) NOT NULL,
  `id_delivery` int(11) NOT NULL,
  `value` varchar(255) NOT NULL
) ENGINE=InnoDB DEFAULT CHARSET=utf8;

--
-- Dumping data for table `delivery_p`
--

INSERT INTO `delivery_p` (`id`, `id_delivery`, `value`) VALUES
(1, 1, '12345678'),
(2, 2, ''),
(3, 3, '');

-- --------------------------------------------------------

--
-- Table structure for table `favourite`
--

CREATE TABLE `favourite` (
  `id` int(11) NOT NULL,
  `id_client` int(11) NOT NULL,
  `id_product` int(11) NOT NULL,
  `date` timestamp NOT NULL DEFAULT CURRENT_TIMESTAMP ON UPDATE CURRENT_TIMESTAMP
) ENGINE=InnoDB DEFAULT CHARSET=utf8 COLLATE=utf8_unicode_ci;

--
-- Dumping data for table `favourite`
--

INSERT INTO `favourite` (`id`, `id_client`, `id_product`, `date`) VALUES
(1, 4, 7, '2017-07-19 09:21:00'),
(2, 4, 6, '2017-07-19 09:24:12'),
(3, 4, 5, '2017-07-19 09:24:32'),
(4, 4, 8, '2017-07-19 09:28:02'),
(5, 4, 7, '2017-07-19 09:28:37');

-- --------------------------------------------------------

--
-- Table structure for table `main_categ`
--

CREATE TABLE `main_categ` (
  `id` int(11) NOT NULL,
  `name` varchar(255) NOT NULL,
  `name_ar` varchar(255) NOT NULL,
  `arrange` int(11) NOT NULL,
  `view` enum('0','1') NOT NULL
) ENGINE=InnoDB DEFAULT CHARSET=utf8;

--
-- Dumping data for table `main_categ`
--

INSERT INTO `main_categ` (`id`, `name`, `name_ar`, `arrange`, `view`) VALUES
(1, 'Clothes', 'ملابس', 1, '1'),
(2, 'shoes', 'أحذية', 2, '1'),
(3, 'Electrical devices', 'أجهزة كهربائية', 3, '1'),
(4, 'Restaurants', 'مطاعم', 4, '1');

-- --------------------------------------------------------

--
-- Table structure for table `mom_product`
--

CREATE TABLE `mom_product` (
  `id` int(11) NOT NULL,
  `client_id` int(11) NOT NULL,
  `product_id` int(11) NOT NULL,
  `action` enum('0','1') NOT NULL
) ENGINE=InnoDB DEFAULT CHARSET=utf8;

--
-- Dumping data for table `mom_product`
--

INSERT INTO `mom_product` (`id`, `client_id`, `product_id`, `action`) VALUES
(2, 1, 2, '0'),
(3, 1, 3, '0'),
(19, 1, 1, '0'),
(20, 1, 4, '0'),
(21, 1, 4, '0'),
(22, 1, 4, '0'),
(23, 1, 4, '0'),
(24, 1, 4, '0');

-- --------------------------------------------------------

--
-- Table structure for table `order`
--

CREATE TABLE `order` (
  `id` int(11) NOT NULL,
  `id_delivery` int(11) NOT NULL,
  `id_shop` int(11) NOT NULL,
  `lat` varchar(120) NOT NULL,
  `lage` varchar(120) NOT NULL,
  `address` varchar(120) NOT NULL,
  `client_id` int(11) NOT NULL,
  `code_num` varchar(120) NOT NULL,
  `activation` enum('0','1') NOT NULL,
  `total_price` varchar(120) NOT NULL,
  `space` varchar(120) NOT NULL,
  `date` timestamp NOT NULL DEFAULT CURRENT_TIMESTAMP,
  `view` enum('0','1') NOT NULL
) ENGINE=InnoDB DEFAULT CHARSET=utf8;

--
-- Dumping data for table `order`
--

INSERT INTO `order` (`id`, `id_delivery`, `id_shop`, `lat`, `lage`, `address`, `client_id`, `code_num`, `activation`, `total_price`, `space`, `date`, `view`) VALUES
(1, 1, 1, '', '', '', 1, '', '1', '546', '', '2017-02-06 08:31:12', '1'),
(2, 1, 1, '', '', '', 1, '', '1', '222', '', '2017-02-06 08:31:12', '1'),
(3, 1, 1, '', '', '', 1, '', '1', '333', '', '2017-02-06 08:31:12', '1'),
(4, 1, 1, '', '', '', 1, '', '1', '150', '', '2017-02-06 08:31:12', '1'),
(5, 1, 1, '', '', '', 1, '', '1', '698', '', '2017-02-06 08:31:12', '1'),
(6, 1, 1, '', '', '', 1, '', '1', '764', '', '2017-02-06 08:31:12', '1');

-- --------------------------------------------------------

--
-- Table structure for table `order_product`
--

CREATE TABLE `order_product` (
  `id` int(11) NOT NULL,
  `id_product` int(11) NOT NULL,
  `id_order` int(11) NOT NULL,
  `view` enum('0','1') NOT NULL,
  `date` timestamp NOT NULL DEFAULT CURRENT_TIMESTAMP
) ENGINE=InnoDB DEFAULT CHARSET=utf8;

--
-- Dumping data for table `order_product`
--

INSERT INTO `order_product` (`id`, `id_product`, `id_order`, `view`, `date`) VALUES
(1, 3, 2, '1', '2017-07-18 10:11:21'),
(2, 4, 2, '1', '2017-07-18 10:11:21'),
(3, 5, 2, '1', '2017-07-18 10:12:05');

-- --------------------------------------------------------

--
-- Table structure for table `place`
--

CREATE TABLE `place` (
  `id` int(11) NOT NULL,
  `name` varchar(255) NOT NULL,
  `id_city` int(11) NOT NULL,
  `view` enum('0','1') NOT NULL
) ENGINE=InnoDB DEFAULT CHARSET=utf8;

--
-- Dumping data for table `place`
--

INSERT INTO `place` (`id`, `name`, `id_city`, `view`) VALUES
(2, 'zzzzz', 2, '1'),
(4, 'ggggggg', 3, '1'),
(5, 'dddddddxxxxxxx', 2, '1');

-- --------------------------------------------------------

--
-- Table structure for table `shop_product`
--

CREATE TABLE `shop_product` (
  `id` int(11) NOT NULL,
  `id_sub` int(11) NOT NULL,
  `id_categ` int(11) NOT NULL,
  `shop_id` int(11) NOT NULL,
  `name` varchar(255) NOT NULL,
  `name_ar` varchar(255) NOT NULL,
  `description` varchar(255) NOT NULL,
  `description_ar` varchar(255) NOT NULL,
  `details` text NOT NULL,
  `details_ar` text NOT NULL,
  `view` enum('0','1') NOT NULL,
  `price` varchar(120) NOT NULL,
  `discount` varchar(120) NOT NULL,
  `amount` int(11) NOT NULL,
  `code` varchar(120) NOT NULL,
  `rate` int(11) NOT NULL,
  `flag_stake` enum('0','1') NOT NULL,
  `img` varchar(255) NOT NULL,
  `arrange` int(11) NOT NULL
) ENGINE=InnoDB DEFAULT CHARSET=utf8 COMMENT='shop product';

--
-- Dumping data for table `shop_product`
--

INSERT INTO `shop_product` (`id`, `id_sub`, `id_categ`, `shop_id`, `name`, `name_ar`, `description`, `description_ar`, `details`, `details_ar`, `view`, `price`, `discount`, `amount`, `code`, `rate`, `flag_stake`, `img`, `arrange`) VALUES
(1, 2, 3, 5, 'Tshirt', 'تيشرت', 'ddddddddd', 'ddddddddd', '', '', '1', '122', '22', 120, 'lvcp', 5, '0', 'featured-2.png', 1),
(2, 0, 3, 5, 'Tshirt', 'تيشرت', 'ddddddddd', 'ddddddddd', '', '', '1', '122', '33', 120, 'fb8i', 3, '0', 'featured-2.png', 2),
(3, 0, 3, 5, 'Tshirt', 'تيشرت', 'ddddddddd', 'ddddddddd', '', '', '1', '122', '44', 120, 'fb8i', 0, '0', 'featured-1.png', 2),
(4, 0, 3, 5, 'Tshirt', 'تيشرت', 'ddddddddd', 'ddddddddd', '', '', '1', '122', '20', 120, 'fb8i', 4, '0', 'featured-3.png', 2),
(5, 0, 4, 5, 'Tshirt', 'تيشرت', 'ddddddddd', 'ddddddddd', '', '', '1', '122', '10', 120, 'fb8i', 4, '0', 'featured-2.png', 2),
(6, 0, 4, 5, 'Tshirt', 'تيشرت', 'ddddddddd', 'ddddddddd', '', '', '1', '122', '11', 120, 'fb8i', 2, '0', 'featured-1.png', 2),
(7, 0, 4, 5, 'Tshirt', 'تيشرت', 'ddddddddd', 'ddddddddd', '', '', '1', '122', '66', 120, 'fb8i', 3, '0', 'featured-3.png', 2),
(8, 0, 2, 5, 'Tshirt123', 'تيشرت', 'ddddddddd', 'ddddddddd', '<p>sdsasadsadxxxxxxxxxxxxxxxxxxxxxxxx</p>\r\n', '<p>sadasdsssssssssssssss</p>\r\n', '1', '122', '33', 120, 'fb8i', 2, '1', 'featured-2.png', 3);

-- --------------------------------------------------------

--
-- Table structure for table `site_info`
--

CREATE TABLE `site_info` (
  `id` int(11) NOT NULL,
  `name` varchar(100) NOT NULL,
  `logo` varchar(255) NOT NULL,
  `favicon` varchar(255) NOT NULL,
  `keywords` text NOT NULL,
  `description` text NOT NULL,
  `arrange_subshopcateg` enum('0','1') NOT NULL,
  `name_ar` varchar(255) NOT NULL,
  `terms` longtext NOT NULL,
  `privacy` longtext NOT NULL,
  `offline_website` enum('0','1') NOT NULL,
  `arrange_category` enum('0','1') NOT NULL,
  `arrange_maincateg` enum('0','1') NOT NULL,
  `arrange_shopcategory` enum('0','1') NOT NULL,
  `arrange_shopproduct` enum('0','1') NOT NULL,
  `about` text NOT NULL,
  `about_ar` text NOT NULL,
  `delivery_price` varchar(200) NOT NULL
) ENGINE=MyISAM DEFAULT CHARSET=utf8;

--
-- Dumping data for table `site_info`
--

INSERT INTO `site_info` (`id`, `name`, `logo`, `favicon`, `keywords`, `description`, `arrange_subshopcateg`, `name_ar`, `terms`, `privacy`, `offline_website`, `arrange_category`, `arrange_maincateg`, `arrange_shopcategory`, `arrange_shopproduct`, `about`, `about_ar`, `delivery_price`) VALUES
(1, 'Mall Maken', 'mW6x.jpg', 'NZOB.png', '', '', '', ' الرئيسية | مكانى السهل', '', '', '0', '1', '1', '1', '1', '<p><span style="font-size:16px"><span style="font-family:tahoma,geneva,sans-serif"><span style="color:rgb(34, 34, 34)">You&#39;ve successfully registered.</span><span style="color:rgb(34, 34, 34)">Log into your Domain Control Center to manage contact information, point the domain to website hosting, set up forwarding or auto-renewal, and more.</span></span></span></p>\r\n', '<p dir="rtl" style="text-align: justify;"><span style="font-family:tahoma,geneva,sans-serif"><span style="font-size:14px">كاش يو تقدم خدمة الحسابات والبطاقات ذات القيمة مسبقة الدفع وتعتبر خاضعة لقانون سينغافورة.لا يتطلب الاشتراك في خدمات كاش يو أي موافقة مسبقة من قِبل قطاع الرقابة على الأموال في سنغافورة. ننصح المستخدم بالاطلاع على كافة الشروط والأحكام الخاصة بخدمات كاش يو.</span></span></p>\r\n', '');

-- --------------------------------------------------------

--
-- Table structure for table `slider_home`
--

CREATE TABLE `slider_home` (
  `id` int(11) NOT NULL,
  `link` varchar(255) NOT NULL,
  `img_background` varchar(255) NOT NULL,
  `img` varchar(255) NOT NULL,
  `title` varchar(255) NOT NULL,
  `title_ar` varchar(255) NOT NULL,
  `description_ar` text NOT NULL,
  `description` text NOT NULL,
  `view` enum('0','1') NOT NULL
) ENGINE=InnoDB DEFAULT CHARSET=utf8;

--
-- Dumping data for table `slider_home`
--

INSERT INTO `slider_home` (`id`, `link`, `img_background`, `img`, `title`, `title_ar`, `description_ar`, `description`, `view`) VALUES
(14, '', 'WYIE.jpg', '', '', '', '', '', '1'),
(17, '', 'pteT.jpg', '', '', '', '', '', '1');

-- --------------------------------------------------------

--
-- Table structure for table `visiting`
--

CREATE TABLE `visiting` (
  `id` int(11) NOT NULL,
  `ip` varchar(150) CHARACTER SET utf8 NOT NULL,
  `visit_num` int(11) NOT NULL,
  `day_t` varchar(255) COLLATE utf8_unicode_ci NOT NULL,
  `month_d` varchar(120) COLLATE utf8_unicode_ci NOT NULL
) ENGINE=MyISAM DEFAULT CHARSET=utf8 COLLATE=utf8_unicode_ci;

--
-- Dumping data for table `visiting`
--

INSERT INTO `visiting` (`id`, `ip`, `visit_num`, `day_t`, `month_d`) VALUES
(1, '::1', 89, '29', '08'),
(2, '41.68.34.12', 1, '29', '08'),
(3, '41.34.24.159', 3, '29', '08'),
(4, '38.99.82.191', 13, '26', '09'),
(5, '156.208.81.156', 1, '29', '08'),
(6, '54.224.153.81', 1, '29', '08'),
(7, '41.34.251.197', 78, '30', '08'),
(8, '156.169.105.105', 2, '30', '08'),
(9, '198.101.238.203', 2, '16', '09'),
(10, '156.177.239.58', 1, '30', '08'),
(11, '105.183.159.132', 4, '30', '08'),
(12, '192.237.216.89', 3, '18', '09'),
(13, '158.69.229.134', 1, '30', '08'),
(14, '105.183.162.197', 1, '31', '08'),
(15, '41.34.156.74', 3, '31', '08'),
(16, '41.34.220.200', 23, '31', '08'),
(17, '134.249.159.113', 3, '31', '10'),
(18, '41.34.180.107', 4, '31', '08'),
(19, '180.76.15.6', 2, '21', '09'),
(20, '166.78.181.113', 1, '01', '09'),
(21, '41.34.178.242', 27, '01', '09'),
(22, '41.34.18.23', 4, '01', '09'),
(23, '41.34.138.90', 4, '01', '09'),
(24, '41.34.233.92', 5, '02', '09'),
(25, '139.59.149.57', 24, '08', '10'),
(26, '66.249.69.29', 47, '19', '11'),
(27, '41.34.167.193', 24, '03', '09'),
(28, '41.34.242.119', 1, '03', '09'),
(29, '158.69.25.178', 3, '20', '09'),
(30, '66.249.69.21', 40, '22', '11'),
(31, '156.174.52.160', 5, '04', '09'),
(32, '41.34.33.78', 4, '06', '09'),
(33, '41.34.168.217', 2, '04', '09'),
(34, '180.76.15.139', 1, '04', '09'),
(35, '156.173.167.219', 1, '05', '09'),
(36, '41.34.176.47', 1, '05', '09'),
(37, '197.126.177.199', 1, '05', '09'),
(38, '66.249.69.25', 32, '20', '11'),
(39, '105.183.238.71', 13, '05', '09'),
(40, '45.98.165.185', 3, '05', '09'),
(41, '180.76.15.22', 3, '18', '11'),
(42, '156.211.204.151', 1, '06', '09'),
(43, '41.68.23.18', 6, '06', '09'),
(44, '41.34.235.44', 17, '06', '09'),
(45, '66.249.69.186', 9, '23', '11'),
(46, '66.249.69.190', 20, '26', '11'),
(47, '41.34.223.52', 4, '07', '09'),
(48, '66.249.75.21', 13, '21', '10'),
(49, '197.120.160.53', 4, '07', '09'),
(50, '52.87.252.29', 1, '07', '09'),
(51, '197.122.92.194', 2, '07', '09'),
(52, '217.70.19.83', 1, '08', '09'),
(53, '41.34.236.71', 2, '08', '09'),
(54, '66.249.69.188', 20, '26', '11'),
(55, '180.76.15.137', 3, '11', '11'),
(56, '156.208.232.239', 16, '08', '09'),
(57, '52.210.103.17', 1, '08', '09'),
(58, '66.249.93.134', 3, '01', '10'),
(59, '66.249.93.132', 7, '22', '10'),
(60, '196.152.82.98', 1, '08', '09'),
(61, '45.243.105.36', 1, '08', '09'),
(62, '66.249.75.148', 3, '19', '09'),
(63, '31.13.113.191', 1, '09', '09'),
(64, '31.13.109.116', 1, '09', '09'),
(65, '31.13.112.123', 1, '09', '09'),
(66, '31.13.98.119', 1, '09', '09'),
(67, '31.13.98.113', 1, '09', '09'),
(68, '66.220.145.245', 1, '09', '09'),
(69, '66.220.145.243', 2, '18', '09'),
(70, '196.142.246.173', 1, '09', '09'),
(71, '66.249.75.29', 9, '21', '10'),
(72, '180.76.15.136', 1, '09', '09'),
(73, '197.125.18.174', 3, '10', '09'),
(74, '156.208.212.123', 2, '10', '09'),
(75, '156.173.246.186', 2, '10', '09'),
(76, '196.128.74.64', 1, '11', '09'),
(77, '105.86.116.31', 3, '11', '09'),
(78, '197.32.114.232', 3, '12', '09'),
(79, '180.76.15.21', 2, '23', '11'),
(80, '66.249.75.152', 3, '14', '09'),
(81, '105.86.107.138', 5, '13', '09'),
(82, '54.81.217.26', 1, '13', '09'),
(83, '38.100.21.68', 1, '13', '09'),
(84, '197.123.168.110', 2, '13', '09'),
(85, '104.236.6.143', 1, '14', '09'),
(86, '41.34.60.74', 3, '14', '09'),
(87, '180.76.15.27', 1, '14', '09'),
(88, '197.125.200.219', 2, '14', '09'),
(89, '66.249.75.156', 3, '17', '09'),
(90, '41.34.135.196', 5, '15', '09'),
(91, '41.34.151.245', 1, '15', '09'),
(92, '64.246.165.160', 1, '15', '09'),
(93, '45.243.62.181', 1, '15', '09'),
(94, '45.98.38.0', 3, '16', '09'),
(95, '180.76.15.149', 1, '16', '09'),
(96, '156.169.57.67', 1, '16', '09'),
(97, '69.58.178.57', 6, '17', '10'),
(98, '105.180.157.65', 25, '17', '09'),
(99, '41.34.21.57', 2, '17', '09'),
(100, '41.34.206.65', 96, '17', '09'),
(101, '41.34.17.245', 10, '19', '09'),
(102, '180.76.15.148', 1, '17', '09'),
(103, '197.121.245.228', 2, '17', '09'),
(104, '89.145.95.41', 1, '18', '09'),
(105, '41.34.220.63', 22, '18', '09'),
(106, '139.162.163.183', 1, '18', '09'),
(107, '31.13.114.80', 1, '18', '09'),
(108, '31.13.113.131', 1, '18', '09'),
(109, '31.13.112.117', 1, '18', '09'),
(110, '41.47.155.174', 2, '18', '09'),
(111, '45.101.25.231', 1, '18', '09'),
(112, '41.34.159.29', 6, '18', '09'),
(113, '41.34.190.32', 1, '18', '09'),
(114, '197.120.53.185', 2, '18', '09'),
(115, '156.208.52.106', 2, '18', '09'),
(116, '156.174.121.30', 1, '18', '09'),
(117, '91.210.144.155', 1, '18', '09'),
(118, '156.170.250.106', 6, '18', '09'),
(119, '141.8.143.156', 9, '12', '10'),
(120, '41.34.229.102', 30, '19', '09'),
(121, '41.34.167.126', 3, '19', '09'),
(122, '41.68.50.233', 1, '19', '09'),
(123, '41.34.56.214', 5, '19', '09'),
(124, '197.127.23.29', 4, '19', '09'),
(125, '62.210.80.20', 1, '19', '09'),
(126, '41.34.199.29', 24, '20', '09'),
(127, '66.249.75.25', 11, '21', '10'),
(128, '196.151.255.192', 1, '20', '09'),
(129, '41.34.203.80', 2, '20', '09'),
(130, '105.182.5.132', 17, '20', '09'),
(131, '45.100.223.41', 1, '21', '09'),
(132, '41.68.66.30', 15, '21', '09'),
(133, '41.34.220.33', 99, '21', '09'),
(134, '41.34.151.79', 7, '21', '09'),
(135, '196.139.211.206', 1, '21', '09'),
(136, '156.169.71.157', 1, '21', '09'),
(137, '41.34.183.243', 7, '22', '09'),
(138, '193.201.225.98', 1, '22', '09'),
(139, '180.76.15.134', 2, '09', '11'),
(140, '41.34.47.180', 20, '22', '09'),
(141, '41.34.196.60', 3, '22', '09'),
(142, '156.208.17.152', 3, '22', '09'),
(143, '105.94.89.176', 2, '22', '09'),
(144, '156.208.26.109', 2, '22', '09'),
(145, '156.170.205.18', 2, '22', '09'),
(146, '199.217.117.207', 1, '23', '09'),
(147, '105.33.162.235', 5, '23', '09'),
(148, '8.37.235.109', 4, '23', '09'),
(149, '41.34.241.18', 3, '23', '09'),
(150, '42.156.251.206', 2, '23', '09'),
(151, '121.42.0.65', 1, '23', '09'),
(152, '197.53.115.116', 4, '23', '09'),
(153, '41.34.60.213', 1, '23', '09'),
(154, '75.149.221.170', 1, '23', '09'),
(155, '45.243.76.247', 2, '23', '09'),
(156, '180.153.206.19', 1, '23', '09'),
(157, '101.226.61.207', 1, '23', '09'),
(158, '180.153.205.253', 1, '23', '09'),
(159, '197.127.226.115', 2, '23', '09'),
(160, '156.173.251.80', 3, '24', '09'),
(161, '41.34.255.139', 3, '24', '09'),
(162, '41.34.161.26', 50, '24', '09'),
(163, '41.34.48.159', 30, '26', '09'),
(164, '197.223.182.204', 1, '24', '09'),
(165, '31.13.110.99', 1, '24', '09'),
(166, '41.34.139.50', 8, '24', '09'),
(167, '45.101.43.76', 1, '24', '09'),
(168, '41.130.68.71', 1, '24', '09'),
(169, '156.208.95.177', 3, '24', '09'),
(170, '197.120.28.186', 5, '24', '09'),
(171, '192.99.10.173', 1, '25', '09'),
(172, '41.34.188.124', 3, '25', '09'),
(173, '156.175.190.243', 1, '25', '09'),
(174, '41.34.199.183', 1, '25', '09'),
(175, '41.34.154.223', 12, '25', '09'),
(176, '180.76.15.145', 1, '25', '09'),
(177, '156.175.177.198', 4, '25', '09'),
(178, '45.243.47.12', 3, '25', '09'),
(179, '140.207.185.112', 1, '25', '09'),
(180, '101.226.66.187', 1, '25', '09'),
(181, '180.153.214.190', 1, '25', '09'),
(182, '122.241.193.161', 1, '25', '09'),
(183, '105.203.254.2', 1, '25', '09'),
(184, '196.146.240.138', 1, '25', '09'),
(185, '41.34.162.229', 12, '26', '09'),
(186, '41.34.240.117', 3, '26', '09'),
(187, '41.68.51.212', 3, '26', '09'),
(188, '45.100.180.125', 2, '26', '09'),
(189, '105.81.26.61', 1, '26', '09'),
(190, '41.34.156.106', 27, '26', '09'),
(191, '197.122.9.129', 2, '26', '09'),
(192, '100.43.85.11', 2, '11', '10'),
(193, '156.175.31.145', 1, '27', '09'),
(194, '156.169.142.73', 1, '27', '09'),
(195, '41.68.126.142', 12, '27', '09'),
(196, '41.34.227.85', 1, '27', '09'),
(197, '41.34.247.177', 32, '27', '09'),
(198, '156.208.234.146', 2, '27', '09'),
(199, '45.243.5.12', 1, '27', '09'),
(200, '105.181.7.96', 4, '27', '09'),
(201, '156.209.87.60', 1, '27', '09'),
(202, '41.130.75.144', 4, '27', '09'),
(203, '197.125.36.169', 3, '27', '09'),
(204, '199.30.231.2', 1, '28', '09'),
(205, '197.222.123.168', 16, '28', '09'),
(206, '41.68.36.3', 1, '28', '09'),
(207, '197.120.32.75', 1, '28', '09'),
(208, '105.203.254.10', 1, '28', '09'),
(209, '41.34.206.34', 8, '28', '09'),
(210, '41.34.153.13', 2, '28', '09'),
(211, '66.249.93.136', 2, '03', '10'),
(212, '197.33.64.115', 3, '28', '09'),
(213, '41.34.28.206', 9, '29', '09'),
(214, '41.34.146.226', 3, '28', '09'),
(215, '45.243.88.190', 4, '28', '09'),
(216, '156.175.203.205', 5, '28', '09'),
(217, '37.39.105.167', 3, '28', '09'),
(218, '192.34.60.103', 1, '28', '09'),
(219, '105.181.55.144', 1, '28', '09'),
(220, '196.142.225.215', 1, '28', '09'),
(221, '180.76.15.138', 2, '23', '10'),
(222, '156.197.102.39', 3, '28', '09'),
(223, '105.180.210.49', 1, '29', '09'),
(224, '197.123.218.227', 1, '29', '09'),
(225, '41.68.35.246', 1, '29', '09'),
(226, '197.122.148.90', 1, '29', '09'),
(227, '41.34.167.252', 17, '29', '09'),
(228, '41.34.175.125', 2, '29', '09'),
(229, '41.130.15.86', 1, '29', '09'),
(230, '196.221.141.103', 3, '29', '09'),
(231, '197.45.13.42', 9, '05', '11'),
(232, '168.235.205.57', 2, '29', '09'),
(233, '196.145.255.152', 1, '29', '09'),
(234, '156.174.179.52', 1, '29', '09'),
(235, '41.176.106.18', 1, '29', '09'),
(236, '54.198.119.142', 1, '29', '09'),
(237, '197.39.142.214', 1, '29', '09'),
(238, '180.76.15.30', 1, '30', '09'),
(239, '41.34.223.75', 11, '30', '09'),
(240, '41.130.30.194', 2, '30', '09'),
(241, '156.208.13.68', 1, '30', '09'),
(242, '146.0.74.195', 1, '30', '09'),
(243, '105.33.3.114', 1, '30', '09'),
(244, '149.202.206.103', 1, '30', '09'),
(245, '41.34.170.241', 3, '30', '09'),
(246, '41.176.112.44', 1, '30', '09'),
(247, '156.211.229.182', 1, '30', '09'),
(248, '197.124.100.134', 1, '30', '09'),
(249, '197.223.71.75', 2, '30', '09'),
(250, '41.238.76.237', 2, '01', '10'),
(251, '41.34.211.23', 9, '01', '10'),
(252, '41.34.36.23', 6, '03', '10'),
(253, '41.34.149.27', 1, '01', '10'),
(254, '207.46.13.111', 1, '01', '10'),
(255, '197.121.48.254', 1, '01', '10'),
(256, '105.85.190.162', 1, '01', '10'),
(257, '64.246.178.34', 2, '18', '10'),
(258, '156.169.156.223', 1, '01', '10'),
(259, '45.243.63.80', 3, '01', '10'),
(260, '31.13.110.127', 1, '01', '10'),
(261, '37.36.73.135', 1, '01', '10'),
(262, '197.47.59.237', 2, '01', '10'),
(263, '197.47.58.238', 1, '01', '10'),
(264, '45.35.109.248', 1, '02', '10'),
(265, '41.34.240.122', 4, '02', '10'),
(266, '41.34.232.221', 2, '02', '10'),
(267, '41.34.213.53', 11, '02', '10'),
(268, '41.34.162.165', 6, '02', '10'),
(269, '41.34.171.79', 19, '02', '10'),
(270, '41.34.233.62', 2, '02', '10'),
(271, '196.145.255.210', 1, '02', '10'),
(272, '156.208.14.108', 2, '02', '10'),
(273, '196.145.186.104', 1, '02', '10'),
(274, '37.231.246.77', 1, '02', '10'),
(275, '41.69.224.64', 1, '02', '10'),
(276, '197.47.64.150', 4, '02', '10'),
(277, '156.174.146.15', 1, '02', '10'),
(278, '156.208.72.136', 3, '02', '10'),
(279, '41.34.205.230', 14, '03', '10'),
(280, '41.34.252.216', 7, '03', '10'),
(281, '180.76.15.5', 1, '03', '10'),
(282, '196.145.121.171', 1, '03', '10'),
(283, '31.13.110.109', 2, '09', '10'),
(284, '196.136.64.157', 1, '03', '10'),
(285, '41.65.94.227', 1, '03', '10'),
(286, '156.209.84.253', 1, '03', '10'),
(287, '197.48.176.245', 1, '03', '10'),
(288, '172.56.37.76', 1, '03', '10'),
(289, '197.48.36.244', 1, '03', '10'),
(290, '45.241.165.96', 1, '03', '10'),
(291, '199.16.156.126', 4, '10', '10'),
(292, '17.142.157.165', 2, '03', '10'),
(293, '149.102.103.39', 1, '03', '10'),
(294, '136.243.154.100', 1, '03', '10'),
(295, '144.76.23.106', 1, '03', '10'),
(296, '199.59.148.209', 4, '28', '10'),
(297, '178.63.95.136', 1, '03', '10'),
(298, '150.70.188.180', 1, '03', '10'),
(299, '23.96.208.137', 2, '03', '10'),
(300, '144.76.22.21', 1, '03', '10'),
(301, '37.187.162.184', 1, '03', '10'),
(302, '150.70.188.175', 1, '03', '10'),
(303, '149.255.243.138', 1, '03', '10'),
(304, '66.102.9.154', 2, '18', '11'),
(305, '197.53.43.173', 1, '03', '10'),
(306, '74.6.254.138', 2, '03', '10'),
(307, '105.195.236.223', 1, '03', '10'),
(308, '156.208.219.222', 1, '03', '10'),
(309, '37.105.153.120', 1, '03', '10'),
(310, '41.43.104.211', 1, '03', '10'),
(311, '105.95.63.182', 2, '04', '10'),
(312, '196.145.199.58', 1, '03', '10'),
(313, '156.194.82.84', 1, '03', '10'),
(314, '217.55.167.174', 1, '03', '10'),
(315, '180.76.15.11', 1, '03', '10'),
(316, '197.34.8.80', 1, '04', '10'),
(317, '41.68.116.173', 1, '04', '10'),
(318, '188.49.218.142', 1, '04', '10'),
(319, '41.34.150.140', 3, '04', '10'),
(320, '156.202.251.143', 1, '04', '10'),
(321, '105.198.249.111', 1, '04', '10'),
(322, '156.210.93.86', 1, '04', '10'),
(323, '197.53.233.249', 1, '04', '10'),
(324, '41.46.152.210', 1, '04', '10'),
(325, '41.69.204.27', 1, '04', '10'),
(326, '156.198.12.233', 1, '04', '10'),
(327, '105.95.83.181', 1, '04', '10'),
(328, '197.192.102.117', 1, '04', '10'),
(329, '105.33.207.115', 1, '04', '10'),
(330, '41.42.17.85', 1, '04', '10'),
(331, '196.149.110.16', 1, '04', '10'),
(332, '156.175.72.120', 1, '04', '10'),
(333, '160.157.42.194', 1, '04', '10'),
(334, '41.68.51.51', 1, '04', '10'),
(335, '156.174.94.22', 2, '04', '10'),
(336, '196.138.82.145', 1, '04', '10'),
(337, '197.45.155.80', 2, '04', '10'),
(338, '156.174.96.62', 1, '04', '10'),
(339, '8.37.225.119', 1, '04', '10'),
(340, '156.173.101.200', 1, '04', '10'),
(341, '156.205.167.241', 1, '04', '10'),
(342, '207.102.138.158', 1, '04', '10'),
(343, '208.91.115.10', 1, '04', '10'),
(344, '54.144.46.249', 1, '04', '10'),
(345, '41.34.131.214', 10, '04', '10'),
(346, '156.208.248.199', 1, '04', '10'),
(347, '54.248.153.153', 1, '04', '10'),
(348, '54.176.64.6', 1, '04', '10'),
(349, '41.36.117.37', 1, '04', '10'),
(350, '41.254.9.101', 1, '04', '10'),
(351, '156.209.67.35', 1, '04', '10'),
(352, '105.195.30.102', 1, '04', '10'),
(353, '51.39.89.35', 3, '04', '10'),
(354, '196.151.255.80', 1, '04', '10'),
(355, '84.255.135.101', 2, '04', '10'),
(356, '162.243.5.155', 1, '04', '10'),
(357, '105.182.192.243', 2, '04', '10'),
(358, '41.45.165.33', 1, '04', '10'),
(359, '197.120.28.215', 1, '04', '10'),
(360, '52.91.184.101', 1, '04', '10'),
(361, '197.198.54.45', 1, '04', '10'),
(362, '156.174.197.22', 8, '04', '10'),
(363, '156.212.56.174', 3, '04', '10'),
(364, '149.56.110.149', 1, '04', '10'),
(365, '91.134.137.91', 1, '04', '10'),
(366, '149.56.135.24', 1, '04', '10'),
(367, '149.56.143.168', 1, '04', '10'),
(368, '161.69.163.20', 1, '05', '10'),
(369, '41.235.131.131', 1, '05', '10'),
(370, '41.34.244.189', 9, '05', '10'),
(371, '41.34.175.140', 1, '05', '10'),
(372, '156.205.82.16', 1, '05', '10'),
(373, '41.237.75.222', 3, '05', '10'),
(374, '41.239.150.75', 1, '05', '10'),
(375, '197.45.213.226', 1, '05', '10'),
(376, '41.43.56.238', 1, '05', '10'),
(377, '157.55.39.24', 1, '05', '10'),
(378, '105.195.223.217', 1, '05', '10'),
(379, '197.48.18.157', 1, '05', '10'),
(380, '45.243.94.167', 3, '05', '10'),
(381, '207.46.13.149', 1, '05', '10'),
(382, '41.34.187.25', 3, '06', '10'),
(383, '197.49.140.60', 1, '06', '10'),
(384, '41.34.148.237', 3, '06', '10'),
(385, '41.34.209.236', 1, '06', '10'),
(386, '156.208.136.239', 5, '06', '10'),
(387, '180.76.15.12', 2, '07', '10'),
(388, '45.35.63.194', 1, '07', '10'),
(389, '197.161.46.178', 1, '07', '10'),
(390, '41.34.226.3', 1, '07', '10'),
(391, '197.122.180.212', 1, '07', '10'),
(392, '197.121.120.123', 1, '07', '10'),
(393, '41.34.170.239', 8, '07', '10'),
(394, '197.126.231.48', 1, '07', '10'),
(395, '41.34.211.207', 1, '08', '10'),
(396, '197.32.47.166', 1, '08', '10'),
(397, '41.34.195.25', 4, '08', '10'),
(398, '196.53.52.164', 8, '08', '10'),
(399, '69.22.185.70', 1, '08', '10'),
(400, '196.53.38.195', 6, '08', '10'),
(401, '64.40.152.7', 1, '08', '10'),
(402, '41.34.139.224', 2, '09', '10'),
(403, '41.34.212.190', 1, '09', '10'),
(404, '105.94.92.59', 1, '09', '10'),
(405, '51.39.210.124', 2, '09', '10'),
(406, '105.86.80.83', 2, '09', '10'),
(407, '186.119.117.235', 1, '10', '10'),
(408, '41.34.131.118', 1, '10', '10'),
(409, '197.126.97.229', 2, '10', '10'),
(410, '41.34.199.61', 1, '10', '10'),
(411, '188.70.35.62', 1, '10', '10'),
(412, '188.71.193.100', 2, '10', '10'),
(413, '199.16.156.124', 1, '10', '10'),
(414, '180.76.15.23', 1, '11', '10'),
(415, '41.34.163.14', 2, '11', '10'),
(416, '157.55.39.235', 1, '11', '10'),
(417, '86.99.128.93', 1, '11', '10'),
(418, '45.243.109.201', 1, '11', '10'),
(419, '167.114.233.118', 1, '11', '10'),
(420, '180.76.15.154', 1, '11', '10'),
(421, '92.99.98.132', 1, '12', '10'),
(422, '41.34.203.100', 1, '12', '10'),
(423, '197.123.228.92', 1, '12', '10'),
(424, '41.34.162.242', 1, '12', '10'),
(425, '105.198.249.215', 1, '12', '10'),
(426, '156.208.20.173', 2, '13', '10'),
(427, '51.36.118.167', 1, '13', '10'),
(428, '41.34.180.180', 1, '13', '10'),
(429, '156.208.211.71', 1, '13', '10'),
(430, '185.47.62.92', 1, '14', '10'),
(431, '23.253.68.16', 2, '14', '10'),
(432, '105.81.215.58', 3, '14', '10'),
(433, '41.34.196.103', 1, '14', '10'),
(434, '167.114.157.46', 1, '14', '10'),
(435, '41.176.101.32', 1, '14', '10'),
(436, '180.76.15.146', 2, '20', '10'),
(437, '104.239.150.107', 4, '15', '10'),
(438, '41.34.175.189', 1, '15', '10'),
(439, '41.34.215.157', 4, '15', '10'),
(440, '196.143.206.36', 1, '15', '10'),
(441, '41.69.147.24', 3, '16', '10'),
(442, '180.76.15.8', 3, '24', '10'),
(443, '197.125.185.37', 2, '15', '10'),
(444, '159.203.136.122', 1, '15', '10'),
(445, '156.196.18.17', 1, '15', '10'),
(446, '31.13.110.103', 1, '16', '10'),
(447, '41.34.242.171', 2, '16', '10'),
(448, '41.34.62.51', 1, '16', '10'),
(449, '41.34.139.95', 1, '16', '10'),
(450, '207.46.13.184', 1, '16', '10'),
(451, '41.130.172.24', 6, '16', '10'),
(452, '197.124.186.86', 1, '17', '10'),
(453, '156.177.4.27', 2, '17', '10'),
(454, '156.208.248.178', 2, '18', '10'),
(455, '89.145.95.42', 1, '18', '10'),
(456, '41.34.160.155', 1, '18', '10'),
(457, '41.34.12.21', 3, '20', '10'),
(458, '41.34.171.128', 1, '19', '10'),
(459, '31.13.114.68', 1, '20', '10'),
(460, '197.126.151.104', 1, '20', '10'),
(461, '41.38.166.234', 1, '20', '10'),
(462, '41.34.134.163', 2, '20', '10'),
(463, '41.34.148.233', 1, '20', '10'),
(464, '45.243.113.255', 5, '20', '10'),
(465, '176.195.96.51', 1, '20', '10'),
(466, '197.127.248.122', 6, '21', '10'),
(467, '195.20.200.234', 1, '22', '10'),
(468, '156.173.246.236', 3, '22', '10'),
(469, '31.13.110.108', 1, '23', '10'),
(470, '41.47.141.137', 1, '23', '10'),
(471, '196.129.85.100', 1, '24', '10'),
(472, '156.175.251.175', 3, '24', '10'),
(473, '180.76.15.14', 1, '24', '10'),
(474, '156.176.131.169', 2, '25', '10'),
(475, '209.128.119.32', 1, '25', '10'),
(476, '95.24.237.53', 1, '25', '10'),
(477, '41.34.152.244', 1, '26', '10'),
(478, '54.210.200.28', 1, '26', '10'),
(479, '156.170.245.140', 1, '26', '10'),
(480, '149.202.127.215', 1, '27', '10'),
(481, '217.55.152.239', 1, '27', '10'),
(482, '156.176.133.104', 1, '27', '10'),
(483, '207.46.13.34', 2, '27', '10'),
(484, '180.76.15.13', 3, '15', '11'),
(485, '41.35.57.199', 1, '28', '10'),
(486, '73.157.93.235', 2, '28', '10'),
(487, '180.76.15.9', 1, '28', '10'),
(488, '197.127.58.188', 2, '28', '10'),
(489, '156.208.110.75', 4, '29', '10'),
(490, '217.55.235.71', 1, '29', '10'),
(491, '41.34.157.19', 1, '30', '10'),
(492, '31.13.110.100', 1, '30', '10'),
(493, '173.252.107.115', 1, '31', '10'),
(494, '139.59.17.163', 1, '31', '10'),
(495, '180.76.15.10', 1, '01', '11'),
(496, '156.177.207.182', 2, '01', '11'),
(497, '95.221.200.255', 1, '01', '11'),
(498, '156.205.156.158', 1, '01', '11'),
(499, '54.166.135.208', 1, '01', '11'),
(500, '180.76.15.18', 1, '02', '11'),
(501, '105.207.213.88', 2, '02', '11'),
(502, '65.19.167.132', 1, '02', '11'),
(503, '156.176.132.219', 4, '03', '11'),
(504, '95.213.184.35', 1, '03', '11'),
(505, '157.55.39.50', 1, '04', '11'),
(506, '197.126.98.141', 2, '04', '11'),
(507, '64.246.187.42', 1, '04', '11'),
(508, '185.100.84.82', 1, '04', '11'),
(509, '108.61.123.69', 1, '05', '11'),
(510, '109.162.43.108', 1, '05', '11'),
(511, '31.13.110.96', 1, '06', '11'),
(512, '180.76.15.143', 2, '18', '11'),
(513, '41.69.240.140', 1, '06', '11'),
(514, '41.34.14.148', 1, '07', '11'),
(515, '197.125.219.145', 2, '08', '11'),
(516, '5.196.173.191', 1, '08', '11'),
(517, '54.208.201.249', 1, '09', '11'),
(518, '41.34.141.189', 2, '10', '11'),
(519, '199.16.156.125', 1, '10', '11'),
(520, '199.16.157.183', 1, '10', '11'),
(521, '77.244.213.197', 1, '10', '11'),
(522, '197.127.11.155', 2, '11', '11'),
(523, '188.165.29.82', 2, '24', '11'),
(524, '41.34.178.151', 1, '13', '11'),
(525, '35.163.49.141', 1, '13', '11'),
(526, '52.212.180.9', 1, '13', '11'),
(527, '5.3.209.225', 1, '13', '11'),
(528, '197.122.108.148', 2, '14', '11'),
(529, '31.13.110.123', 1, '14', '11'),
(530, '107.23.173.71', 1, '14', '11'),
(531, '35.161.253.196', 1, '14', '11'),
(532, '156.175.94.167', 2, '14', '11'),
(533, '207.46.13.166', 1, '14', '11'),
(534, '79.59.39.139', 1, '15', '11'),
(535, '38.100.21.61', 2, '15', '11'),
(536, '138.197.18.130', 1, '15', '11'),
(537, '54.92.132.92', 1, '15', '11'),
(538, '176.31.149.121', 1, '16', '11'),
(539, '69.58.178.58', 3, '16', '11'),
(540, '89.145.95.39', 1, '17', '11'),
(541, '54.162.41.228', 1, '17', '11'),
(542, '64.79.100.16', 2, '17', '11'),
(543, '64.79.100.15', 2, '17', '11'),
(544, '77.253.220.26', 1, '18', '11'),
(545, '197.127.117.59', 2, '18', '11'),
(546, '150.164.10.208', 1, '18', '11'),
(547, '208.184.112.74', 1, '18', '11'),
(548, '107.21.1.8', 1, '19', '11'),
(549, '167.114.172.219', 1, '20', '11'),
(550, '197.121.71.34', 2, '20', '11'),
(551, '91.109.19.24', 1, '20', '11'),
(552, '31.13.110.119', 1, '21', '11'),
(553, '64.246.165.200', 1, '21', '11'),
(554, '180.76.15.147', 1, '22', '11'),
(555, '156.208.50.61', 1, '22', '11'),
(556, '156.174.231.210', 3, '23', '11'),
(557, '54.224.128.72', 1, '24', '11'),
(558, '41.34.175.60', 2, '25', '11'),
(559, '196.150.135.239', 1, '26', '11'),
(560, '180.76.15.25', 1, '26', '11');

-- --------------------------------------------------------

--
-- Table structure for table `visual_delivery`
--

CREATE TABLE `visual_delivery` (
  `id` int(11) NOT NULL,
  `id_shop` int(11) NOT NULL,
  `id_client` int(11) NOT NULL,
  `id_categ` int(11) NOT NULL
) ENGINE=InnoDB DEFAULT CHARSET=utf8 COLLATE=utf8_unicode_ci;

--
-- Dumping data for table `visual_delivery`
--

INSERT INTO `visual_delivery` (`id`, `id_shop`, `id_client`, `id_categ`) VALUES
(1, 6, 4, 4),
(2, 7, 4, 4),
(3, 5, 4, 4),
(4, 6, 4, 4),
(5, 6, 4, 4),
(6, 5, 4, 4),
(7, 6, 4, 4),
(8, 6, 4, 4),
(9, 6, 4, 4),
(10, 5, 4, 4),
(11, 7, 4, 4),
(12, 6, 4, 4),
(13, 7, 4, 4);

--
-- Indexes for dumped tables
--

--
-- Indexes for table `admin`
--
ALTER TABLE `admin`
  ADD PRIMARY KEY (`id`);

--
-- Indexes for table `category`
--
ALTER TABLE `category`
  ADD PRIMARY KEY (`id`);

--
-- Indexes for table `ci_sessions`
--
ALTER TABLE `ci_sessions`
  ADD PRIMARY KEY (`id`);

--
-- Indexes for table `client`
--
ALTER TABLE `client`
  ADD PRIMARY KEY (`id`);

--
-- Indexes for table `contact_info`
--
ALTER TABLE `contact_info`
  ADD PRIMARY KEY (`id`);

--
-- Indexes for table `delivery`
--
ALTER TABLE `delivery`
  ADD PRIMARY KEY (`id`);

--
-- Indexes for table `delivery_p`
--
ALTER TABLE `delivery_p`
  ADD PRIMARY KEY (`id`);

--
-- Indexes for table `favourite`
--
ALTER TABLE `favourite`
  ADD PRIMARY KEY (`id`);

--
-- Indexes for table `main_categ`
--
ALTER TABLE `main_categ`
  ADD PRIMARY KEY (`id`);

--
-- Indexes for table `mom_product`
--
ALTER TABLE `mom_product`
  ADD PRIMARY KEY (`id`);

--
-- Indexes for table `order`
--
ALTER TABLE `order`
  ADD PRIMARY KEY (`id`);

--
-- Indexes for table `order_product`
--
ALTER TABLE `order_product`
  ADD PRIMARY KEY (`id`);

--
-- Indexes for table `place`
--
ALTER TABLE `place`
  ADD PRIMARY KEY (`id`);

--
-- Indexes for table `shop_product`
--
ALTER TABLE `shop_product`
  ADD PRIMARY KEY (`id`);

--
-- Indexes for table `site_info`
--
ALTER TABLE `site_info`
  ADD PRIMARY KEY (`id`);

--
-- Indexes for table `slider_home`
--
ALTER TABLE `slider_home`
  ADD PRIMARY KEY (`id`);

--
-- Indexes for table `visiting`
--
ALTER TABLE `visiting`
  ADD PRIMARY KEY (`id`);

--
-- Indexes for table `visual_delivery`
--
ALTER TABLE `visual_delivery`
  ADD PRIMARY KEY (`id`);

--
-- AUTO_INCREMENT for dumped tables
--

--
-- AUTO_INCREMENT for table `admin`
--
ALTER TABLE `admin`
  MODIFY `id` int(11) NOT NULL AUTO_INCREMENT, AUTO_INCREMENT=2;
--
-- AUTO_INCREMENT for table `category`
--
ALTER TABLE `category`
  MODIFY `id` int(11) NOT NULL AUTO_INCREMENT, AUTO_INCREMENT=10;
--
-- AUTO_INCREMENT for table `client`
--
ALTER TABLE `client`
  MODIFY `id` int(11) NOT NULL AUTO_INCREMENT, AUTO_INCREMENT=2;
--
-- AUTO_INCREMENT for table `contact_info`
--
ALTER TABLE `contact_info`
  MODIFY `id` int(11) NOT NULL AUTO_INCREMENT, AUTO_INCREMENT=2;
--
-- AUTO_INCREMENT for table `delivery`
--
ALTER TABLE `delivery`
  MODIFY `id` int(11) NOT NULL AUTO_INCREMENT, AUTO_INCREMENT=4;
--
-- AUTO_INCREMENT for table `delivery_p`
--
ALTER TABLE `delivery_p`
  MODIFY `id` int(11) NOT NULL AUTO_INCREMENT, AUTO_INCREMENT=4;
--
-- AUTO_INCREMENT for table `favourite`
--
ALTER TABLE `favourite`
  MODIFY `id` int(11) NOT NULL AUTO_INCREMENT, AUTO_INCREMENT=6;
--
-- AUTO_INCREMENT for table `main_categ`
--
ALTER TABLE `main_categ`
  MODIFY `id` int(11) NOT NULL AUTO_INCREMENT, AUTO_INCREMENT=5;
--
-- AUTO_INCREMENT for table `mom_product`
--
ALTER TABLE `mom_product`
  MODIFY `id` int(11) NOT NULL AUTO_INCREMENT, AUTO_INCREMENT=25;
--
-- AUTO_INCREMENT for table `order`
--
ALTER TABLE `order`
  MODIFY `id` int(11) NOT NULL AUTO_INCREMENT, AUTO_INCREMENT=7;
--
-- AUTO_INCREMENT for table `order_product`
--
ALTER TABLE `order_product`
  MODIFY `id` int(11) NOT NULL AUTO_INCREMENT, AUTO_INCREMENT=4;
--
-- AUTO_INCREMENT for table `place`
--
ALTER TABLE `place`
  MODIFY `id` int(11) NOT NULL AUTO_INCREMENT, AUTO_INCREMENT=6;
--
-- AUTO_INCREMENT for table `shop_product`
--
ALTER TABLE `shop_product`
  MODIFY `id` int(11) NOT NULL AUTO_INCREMENT, AUTO_INCREMENT=9;
--
-- AUTO_INCREMENT for table `site_info`
--
ALTER TABLE `site_info`
  MODIFY `id` int(11) NOT NULL AUTO_INCREMENT, AUTO_INCREMENT=2;
--
-- AUTO_INCREMENT for table `slider_home`
--
ALTER TABLE `slider_home`
  MODIFY `id` int(11) NOT NULL AUTO_INCREMENT, AUTO_INCREMENT=18;
--
-- AUTO_INCREMENT for table `visiting`
--
ALTER TABLE `visiting`
  MODIFY `id` int(11) NOT NULL AUTO_INCREMENT, AUTO_INCREMENT=561;
--
-- AUTO_INCREMENT for table `visual_delivery`
--
ALTER TABLE `visual_delivery`
  MODIFY `id` int(11) NOT NULL AUTO_INCREMENT, AUTO_INCREMENT=14;
/*!40101 SET CHARACTER_SET_CLIENT=@OLD_CHARACTER_SET_CLIENT */;
/*!40101 SET CHARACTER_SET_RESULTS=@OLD_CHARACTER_SET_RESULTS */;
/*!40101 SET COLLATION_CONNECTION=@OLD_COLLATION_CONNECTION */;
